initial_temp,cooling_rate,precision
10,0.9,5.55
10,0.92,6.279999999999999
10,0.94,6.94
10,0.96,8.765
10,0.98,12.23
10,0.99,15.625
50,0.9,14.760000000000002
50,0.92,16.145
50,0.94,17.630000000000003
50,0.96,19.86
50,0.98,25.085
50,0.99,32.625
100,0.9,17.05
100,0.92,18.099999999999998
100,0.9,16.919999999999998
100,0.95,21.605
100,0.99,40.0
500,0.9,20.695
500,0.95,26.400000000000002
500,0.99,44.275
1000,0.9,21.805
1000,0.95,27.79
1000,0.99,45.26
