initial_temp,cooling_rate,precision
100,0.9,23.474999999999998
100,0.95,31.705
100,0.99,60.295
500,0.9,32.335
500,0.95,44.145
500,0.99,77.835
1000,0.9,36.045
1000,0.95,48.120000000000005
1000,0.99,81.5
